iter	Passed	Remaining
0	2	2364
1	4	2192
2	6	2115
3	8	2222
4	10	2152
5	12	2119
6	14	2071
7	16	2065
8	18	2058
9	20	2035
10	22	2016
11	24	1992
12	25	1964
13	27	1942
14	29	1917
15	30	1892
16	32	1878
17	33	1852
18	35	1840
19	37	1832
20	39	1823
21	40	1816
22	42	1805
23	44	1794
24	45	1787
25	47	1783
26	49	1772
27	50	1767
28	52	1761
29	54	1757
30	56	1752
31	57	1751
32	58	1726
33	60	1729
34	62	1726
35	64	1721
36	65	1716
37	67	1717
38	69	1713
39	71	1712
40	73	1716
41	73	1680
42	75	1676
43	77	1675
44	78	1673
45	80	1671
46	82	1672
47	84	1670
48	85	1668
49	86	1642
50	88	1642
51	89	1640
52	91	1638
53	93	1636
54	95	1635
55	96	1633
56	98	1636
57	100	1634
58	102	1633
59	104	1629
60	105	1628
61	107	1627
62	109	1628
63	110	1623
64	112	1619
65	114	1618
66	116	1616
67	116	1597
68	118	1596
69	120	1595
70	121	1595
71	122	1573
72	124	1574
73	125	1574
74	127	1573
75	129	1571
76	130	1568
77	132	1568
78	134	1567
79	136	1564
80	137	1562
81	139	1560
82	141	1557
83	142	1555
84	144	1555
85	146	1555
86	148	1554
87	149	1554
88	151	1555
89	153	1556
90	155	1555
91	157	1553
92	159	1551
93	160	1550
94	162	1552
95	164	1552
96	166	1551
97	168	1552
98	170	1555
99	172	1556
100	175	1558
101	177	1559
102	179	1559
103	180	1559
104	182	1557
105	184	1554
106	186	1553
107	187	1552
108	189	1550
109	191	1549
110	193	1548
111	195	1547
112	196	1545
113	198	1543
114	200	1541
115	201	1539
116	203	1537
117	205	1535
118	207	1535
119	209	1535
120	211	1534
121	212	1532
122	214	1530
123	216	1530
124	218	1527
125	220	1526
126	221	1524
127	223	1523
128	225	1524
129	227	1522
130	229	1521
131	231	1519
132	232	1518
133	234	1517
134	236	1515
135	238	1514
136	240	1512
137	241	1510
138	243	1508
139	245	1507
140	247	1505
141	248	1504
142	250	1503
143	252	1503
144	254	1501
145	256	1501
146	258	1500
147	260	1499
148	262	1498
149	264	1498
150	266	1497
151	268	1497
152	270	1496
153	272	1495
154	273	1492
155	275	1491
156	277	1490
157	279	1489
158	281	1488
159	283	1487
160	284	1485
161	286	1484
162	288	1482
163	290	1482
164	292	1480
165	294	1478
166	296	1478
167	298	1476
168	300	1475
169	301	1474
170	303	1472
171	305	1471
172	307	1470
173	309	1468
174	311	1467
175	313	1466
176	315	1464
177	316	1463
178	318	1462
179	320	1460
180	322	1459
181	324	1458
182	326	1456
183	328	1455
184	330	1454
185	331	1452
186	333	1450
187	335	1449
188	337	1448
189	339	1446
190	341	1446
191	343	1445
192	345	1444
193	347	1443
194	349	1442
195	351	1440
196	353	1439
197	355	1438
198	357	1437
199	358	1435
200	360	1433
201	362	1432
202	364	1431
203	365	1425
204	367	1423
205	369	1422
206	371	1421
207	372	1418
208	374	1416
209	376	1416
210	378	1415
211	380	1413
212	382	1412
213	383	1410
214	386	1409
215	388	1408
216	389	1407
217	391	1405
218	393	1403
219	395	1402
220	397	1401
221	399	1400
222	401	1399
223	403	1398
224	405	1396
225	407	1394
226	409	1393
227	410	1391
228	412	1390
229	414	1389
230	416	1387
231	418	1385
232	420	1384
233	422	1383
234	424	1383
235	427	1382
236	429	1381
237	431	1381
238	433	1381
239	435	1380
240	438	1379
241	440	1378
242	442	1377
243	444	1375
244	446	1375
245	448	1374
246	450	1373
247	452	1371
248	454	1370
249	456	1368
250	458	1367
251	460	1367
252	463	1368
253	465	1366
254	467	1367
255	470	1366
256	472	1365
257	474	1364
258	476	1364
259	479	1364
260	481	1362
261	483	1361
262	485	1360
263	487	1360
264	490	1359
265	492	1358
266	494	1358
267	496	1356
268	498	1355
269	500	1353
270	502	1352
271	504	1351
272	506	1349
273	508	1347
274	510	1345
275	512	1343
276	514	1341
277	515	1339
278	517	1337
279	519	1335
280	521	1334
281	523	1331
282	524	1329
283	526	1327
284	528	1326
285	530	1324
286	532	1323
287	534	1322
288	537	1321
289	539	1321
290	541	1320
291	544	1319
292	546	1318
293	548	1318
294	551	1317
295	553	1315
296	555	1314
297	557	1312
298	559	1311
299	561	1309
300	563	1308
301	566	1308
302	568	1307
303	570	1306
304	571	1302
305	573	1301
306	575	1299
307	577	1297
308	579	1296
309	581	1294
310	583	1292
311	585	1291
312	587	1290
313	590	1289
314	592	1287
315	594	1285
316	596	1284
317	597	1282
318	600	1280
319	601	1278
320	603	1276
321	605	1274
322	607	1272
323	608	1270
324	610	1268
325	612	1266
326	614	1264
327	616	1262
328	617	1260
329	619	1258
330	621	1256
331	623	1254
332	625	1252
333	627	1250
334	628	1248
335	630	1246
336	632	1244
337	634	1243
338	637	1242
339	639	1241
340	641	1240
341	643	1238
342	645	1237
343	647	1235
344	649	1233
345	652	1233
346	654	1231
347	656	1230
348	659	1229
349	661	1227
350	662	1225
351	664	1224
352	666	1222
353	668	1219
354	670	1217
355	671	1215
356	673	1213
357	675	1210
358	676	1208
359	678	1206
360	680	1204
361	682	1202
362	683	1199
363	685	1198
364	687	1196
365	689	1194
366	691	1191
367	692	1190
368	694	1187
369	696	1185
370	698	1183
371	699	1181
372	701	1179
373	703	1177
374	705	1175
375	707	1173
376	708	1171
377	710	1169
378	712	1167
379	714	1165
380	716	1163
381	717	1161
382	719	1159
383	721	1157
384	723	1154
385	724	1153
386	726	1150
387	728	1148
388	730	1146
389	731	1144
390	733	1142
391	735	1140
392	737	1138
393	739	1136
394	741	1134
395	742	1132
396	744	1130
397	746	1128
398	748	1127
399	750	1125
400	751	1123
401	753	1121
402	755	1119
403	757	1116
404	758	1114
405	760	1113
406	762	1110
407	764	1108
408	766	1106
409	767	1104
410	769	1102
411	771	1100
412	773	1098
413	775	1096
414	776	1095
415	778	1093
416	780	1090
417	782	1088
418	784	1087
419	785	1085
420	787	1083
421	789	1081
422	791	1079
423	793	1077
424	795	1075
425	796	1073
426	798	1071
427	800	1069
428	802	1067
429	803	1065
430	805	1063
431	807	1061
432	808	1059
433	810	1057
434	812	1055
435	814	1053
436	816	1051
437	817	1049
438	819	1047
439	821	1045
440	823	1043
441	825	1041
442	826	1039
443	828	1037
444	830	1035
445	831	1033
446	833	1031
447	835	1029
448	837	1027
449	838	1025
450	840	1023
451	842	1021
452	844	1019
453	845	1017
454	847	1015
455	849	1013
456	851	1011
457	853	1009
458	855	1008
459	857	1006
460	859	1004
461	860	1002
462	862	1000
463	864	998
464	866	997
465	868	995
466	870	993
467	872	991
468	874	989
469	875	987
470	878	986
471	879	984
472	881	982
473	883	980
474	885	978
475	887	977
476	889	975
477	891	973
478	893	972
479	895	970
480	897	968
481	899	967
482	901	965
483	903	963
484	905	961
485	907	959
486	909	957
487	910	955
488	912	953
489	914	951
490	915	949
491	917	947
492	919	945
493	921	943
494	922	941
495	924	939
496	926	937
497	928	936
498	930	934
499	932	932
500	933	929
501	935	927
502	936	925
503	938	923
504	940	921
505	942	919
506	944	917
507	945	915
508	947	913
509	949	911
510	950	910
511	952	907
512	954	905
513	956	904
514	957	902
515	959	900
516	961	898
517	963	896
518	965	894
519	967	892
520	969	891
521	971	889
522	973	887
523	975	885
524	976	883
525	978	882
526	980	880
527	982	878
528	984	876
529	986	874
530	988	872
531	990	871
532	992	869
533	993	867
534	995	865
535	997	863
536	999	861
537	1001	860
538	1003	858
539	1005	856
540	1007	854
541	1009	852
542	1011	850
543	1013	849
544	1015	847
545	1016	845
546	1018	843
547	1020	841
548	1022	840
549	1024	838
550	1026	836
551	1028	834
552	1030	832
553	1032	830
554	1034	829
555	1035	827
556	1037	825
557	1039	823
558	1041	821
559	1043	819
560	1045	818
561	1047	816
562	1049	814
563	1051	812
564	1053	810
565	1055	809
566	1057	807
567	1059	805
568	1061	803
569	1062	801
570	1065	800
571	1067	798
572	1069	796
573	1071	794
574	1072	792
575	1074	791
576	1076	789
577	1078	787
578	1081	786
579	1083	784
580	1085	782
581	1087	781
582	1089	779
583	1091	777
584	1093	775
585	1096	774
586	1098	773
587	1101	771
588	1103	770
589	1106	769
590	1108	767
591	1110	765
592	1113	763
593	1114	762
594	1116	760
595	1118	758
596	1120	756
597	1122	754
598	1124	752
599	1126	750
600	1128	748
601	1130	747
602	1132	745
603	1134	744
604	1137	742
605	1139	740
606	1142	739
607	1144	737
608	1146	735
609	1148	734
610	1150	732
611	1152	730
612	1154	728
613	1156	727
614	1158	725
615	1160	723
616	1162	721
617	1164	719
618	1167	718
619	1169	716
620	1171	714
621	1174	713
622	1176	711
623	1178	710
624	1181	708
625	1183	707
626	1185	705
627	1187	703
628	1189	701
629	1192	700
630	1193	698
631	1195	696
632	1197	694
633	1199	692
634	1201	690
635	1202	688
636	1204	686
637	1206	684
638	1208	682
639	1210	680
640	1211	678
641	1213	676
642	1215	674
643	1217	673
644	1219	671
645	1221	669
646	1222	667
647	1224	665
648	1226	663
649	1227	661
650	1229	659
651	1231	657
652	1233	655
653	1235	653
654	1237	651
655	1238	649
656	1240	647
657	1242	645
658	1244	643
659	1245	641
660	1247	639
661	1249	638
662	1251	636
663	1253	634
664	1255	632
665	1257	630
666	1259	628
667	1261	626
668	1263	625
669	1265	623
670	1267	621
671	1269	619
672	1272	618
673	1274	616
674	1276	614
675	1278	612
676	1280	611
677	1283	609
678	1285	607
679	1287	606
680	1289	604
681	1292	602
682	1294	600
683	1296	598
684	1298	597
685	1300	595
686	1302	593
687	1305	592
688	1307	590
689	1309	588
690	1312	586
691	1314	585
692	1316	583
693	1319	581
694	1321	579
695	1323	577
696	1325	576
697	1327	574
698	1329	572
699	1332	570
700	1334	569
701	1336	567
702	1338	565
703	1340	563
704	1342	561
705	1344	559
706	1346	557
707	1348	555
708	1349	554
709	1352	552
710	1354	550
711	1356	548
712	1358	546
713	1360	544
714	1362	543
715	1364	541
716	1367	539
717	1369	537
718	1371	536
719	1374	534
720	1376	532
721	1378	530
722	1380	529
723	1382	527
724	1385	525
725	1387	523
726	1389	521
727	1391	519
728	1394	518
729	1396	516
730	1399	514
731	1401	513
732	1404	511
733	1406	509
734	1408	507
735	1410	505
736	1412	503
737	1414	502
738	1416	500
739	1417	498
740	1419	496
741	1421	494
742	1423	492
743	1425	490
744	1426	488
745	1428	486
746	1430	484
747	1432	482
748	1433	480
749	1435	478
750	1437	476
751	1439	474
752	1440	472
753	1442	470
754	1444	468
755	1446	466
756	1448	464
757	1449	462
758	1451	460
759	1453	459
760	1455	457
761	1457	455
762	1459	453
763	1461	451
764	1463	449
765	1464	447
766	1466	445
767	1468	443
768	1470	441
769	1472	439
770	1473	437
771	1475	435
772	1477	433
773	1479	431
774	1481	429
775	1482	428
776	1484	426
777	1486	424
778	1488	422
779	1490	420
780	1492	418
781	1494	416
782	1495	414
783	1497	412
784	1499	410
785	1501	408
786	1502	406
787	1504	404
788	1506	402
789	1508	400
790	1509	398
791	1511	397
792	1513	395
793	1515	393
794	1517	391
795	1518	389
796	1520	387
797	1522	385
798	1524	383
799	1525	381
800	1527	379
801	1529	377
802	1531	375
803	1533	373
804	1534	371
805	1536	369
806	1538	367
807	1540	366
808	1542	364
809	1544	362
810	1545	360
811	1547	358
812	1549	356
813	1551	354
814	1552	352
815	1554	350
816	1556	348
817	1558	346
818	1560	344
819	1562	342
820	1564	340
821	1565	339
822	1567	337
823	1569	335
824	1571	333
825	1572	331
826	1574	329
827	1576	327
828	1578	325
829	1580	323
830	1582	321
831	1584	319
832	1586	318
833	1588	316
834	1590	314
835	1591	312
836	1593	310
837	1595	308
838	1597	306
839	1599	304
840	1601	302
841	1602	300
842	1604	298
843	1606	296
844	1608	295
845	1610	293
846	1612	291
847	1614	289
848	1615	287
849	1617	285
850	1619	283
851	1621	281
852	1622	279
853	1624	277
854	1626	275
855	1628	273
856	1630	272
857	1632	270
858	1633	268
859	1635	266
860	1637	264
861	1639	262
862	1640	260
863	1642	258
864	1644	256
865	1646	254
866	1648	252
867	1650	250
868	1652	249
869	1653	247
870	1655	245
871	1657	243
872	1659	241
873	1660	239
874	1662	237
875	1663	235
876	1665	233
877	1667	231
878	1669	229
879	1671	227
880	1673	226
881	1675	224
882	1677	222
883	1679	220
884	1681	218
885	1683	216
886	1685	214
887	1686	212
888	1688	210
889	1690	208
890	1692	207
891	1694	205
892	1696	203
893	1698	201
894	1700	199
895	1702	197
896	1704	195
897	1706	193
898	1708	191
899	1710	190
900	1712	188
901	1714	186
902	1716	184
903	1717	182
904	1719	180
905	1721	178
906	1723	176
907	1725	174
908	1727	172
909	1729	171
910	1730	169
911	1732	167
912	1734	165
913	1736	163
914	1738	161
915	1740	159
916	1742	157
917	1744	155
918	1746	153
919	1747	151
920	1749	150
921	1752	148
922	1753	146
923	1755	144
924	1757	142
925	1759	140
926	1761	138
927	1763	136
928	1765	134
929	1767	133
930	1768	131
931	1770	129
932	1772	127
933	1774	125
934	1776	123
935	1778	121
936	1780	119
937	1782	117
938	1783	115
939	1785	113
940	1787	112
941	1789	110
942	1791	108
943	1793	106
944	1795	104
945	1797	102
946	1799	100
947	1801	98
948	1802	96
949	1804	94
950	1806	93
951	1808	91
952	1810	89
953	1812	87
954	1813	85
955	1815	83
956	1817	81
957	1819	79
958	1821	77
959	1823	75
960	1825	74
961	1826	72
962	1828	70
963	1830	68
964	1832	66
965	1834	64
966	1836	62
967	1838	60
968	1840	58
969	1842	56
970	1844	55
971	1845	53
972	1847	51
973	1849	49
974	1851	47
975	1853	45
976	1855	43
977	1857	41
978	1859	39
979	1861	37
980	1863	36
981	1864	34
982	1866	32
983	1868	30
984	1870	28
985	1872	26
986	1874	24
987	1876	22
988	1878	20
989	1880	18
990	1882	17
991	1884	15
992	1886	13
993	1888	11
994	1890	9
995	1892	7
996	1895	5
997	1897	3
998	1898	1
999	1901	0
