"v","st255","sm100","sm255","cyday"
92778125.579894,8.07,0.353416666666667,0.326,0.819152044288992
93979125.579894,8.04708310416667,0.353,0.326,0.809016994374947
95170125.579894,8.0199995,0.351833333333333,0.326,0.798635510047293
95023125.579894,8.0199995,0.35025,0.326,0.788010753606722
95222125.579894,8.0199995,0.352375,0.326,0.777145961456971
95063125.579894,8.0116663,0.35625,0.326,0.766044443118978
94469125.579894,7.9700003,0.357916666666667,0.326,0.754709580222772
93853125.579894,7.9700003,0.35875,0.326,0.743144825477394
94999125.579894,7.932500075,0.35875,0.327,0.731353701619171
95182125.579894,7.92,0.360791666666667,0.327,0.719339800338651
102664125.579894,7.92,0.367708333333333,0.327,0.707106781186548
106370125.579894,7.92,0.373583333333333,0.327666666666667,0.694658370458997
107025125.579894,7.92,0.375791666666667,0.328,0.681998360062498
106676125.579894,7.92,0.377,0.328583333333333,0.669130606358858
106063778.357894,7.92,0.376416666666667,0.329,0.656059028990507
105066125.579894,7.92,0.375541666666667,0.329208333333333,0.642787609686539
104116125.579894,7.92,0.374625,0.33,0.629320391049838
103041125.579894,7.92,0.373416666666667,0.33,0.615661475325658
101291125.579894,7.92,0.371833333333333,0.330208333333333,0.601815023152048
99683125.579894,7.9700003,0.370541666666667,0.331,0.587785252292473
98617125.579894,7.9700003,0.37,0.331,0.573576436351046
97785125.579894,7.9700003,0.36825,0.331,0.559192903470747
97975125.579894,7.9700003,0.366666666666667,0.331208333333333,0.544639035015027
96870125.579894,7.9700003,0.366,0.332,0.529919264233205
95901125.579894,7.9700003,0.364875,0.332,0.515038074910054
95701125.579893,8.0074997,0.363333333333333,0.332,0.5
96707125.579894,8.0199995,0.361583333333333,0.332,0.484809620246337
97728125.579894,8.0199995,0.361125,0.332,0.469471562785891
99641125.579894,8.0199995,0.361625,0.332083333333333,0.453990499739547
101605125.579894,8.0199995,0.362416666666667,0.333,0.438371146789077
99839125.579894,8.47,0.33975,0.333,0.121869343405147
111673125.579894,8.5179161875,0.342,0.333,0.104528463267653
112706125.579894,8.5199995,0.346916666666667,0.333,0.0871557427476581
113202125.579894,8.54708310416667,0.35075,0.333,0.0697564737441255
113342125.579894,8.57,0.351,0.333,0.052335956242944
124098125.579894,8.86166666666667,0.337583333333333,0.333,-0.17364817766693
125414125.579894,8.89708333333333,0.336458333333333,0.333,-0.190808995376545
126506125.579894,8.93875,0.335,0.333,-0.207911690817759
127623125.579894,8.9845831875,0.3325,0.332625,-0.224951054343865
133748125.579894,9.2554163125,0.326083333333333,0.332,-0.309016994374947
134860125.579894,9.31166658333333,0.324166666666667,0.332,-0.325568154457156
136084125.579894,9.52416620833333,0.318416666666667,0.331,-0.422618261740699
136648125.579893,9.57,0.319541666666667,0.331,-0.438371146789078
138300125.579893,9.60333333333333,0.323166666666667,0.331,-0.453990499739547
149923125.579892,10.2429164375,0.307625,0.328,-0.719339800338651
150802125.579892,10.3179165625,0.306041666666667,0.328,-0.73135370161917
151684125.579892,10.3991666666667,0.305208333333333,0.328,-0.743144825477394
151352125.579892,10.490833125,0.305,0.328,-0.754709580222772
151076125.579892,10.57208325,0.304916666666667,0.327625,-0.766044443118978
151629125.579892,10.6470833333333,0.303458333333333,0.327,-0.777145961456971
151076125.579892,10.7241665625,0.302833333333333,0.327,-0.788010753606722
152181125.579892,10.7970831041667,0.300541666666667,0.327,-0.798635510047293
152347125.579892,10.8825,0.298416666666667,0.327,-0.809016994374947
150032125.579892,10.96583325,0.297583333333333,0.326541666666667,-0.819152044288992
148665125.579892,11.0616665,0.297208333333333,0.326,-0.829037572555042
148949125.579892,11.1575,0.296583333333333,0.326,-0.838670567945424
149430125.579892,11.2616664166667,0.295541666666667,0.326,-0.848048096156426
148611125.579892,11.3616666666667,0.295125,0.325625,-0.857167300702112
147415125.579892,11.4637498958333,0.295833333333333,0.325,-0.866025403784439
147686125.579892,11.5637498333333,0.296583333333333,0.325,-0.874619707139396
147523125.579892,11.6595833333333,0.295,0.325,-0.882947592858927
147903125.579892,11.75749975,0.293875,0.325,-0.891006524188368
148665125.579892,11.8575,0.293208333333333,0.324625,-0.898794046299167
149321125.579892,11.9574999375,0.292416666666667,0.324,-0.90630778703665
150142125.579892,12.0616665,0.291541666666667,0.324,-0.913545457642601
147036125.579892,12.1595833333333,0.29,0.324,-0.92050485345244
146051125.579892,12.249166375,0.288333333333333,0.324,-0.927183854566787
144703445.023892,12.3429166666667,0.285958333333333,0.324,-0.933580426497202
142806125.579892,12.42625,0.284166666666667,0.323583333333333,-0.939692620785908
143018125.579892,12.5137497291667,0.281958333333333,0.323,-0.945518575599317
142806125.579892,12.6095833333333,0.28,0.323,-0.951056516295154
141013125.579892,12.7137498958333,0.278833333333333,0.323,-0.956304755963035
139548125.579892,12.8220832083333,0.277291666666667,0.322041666666667,-0.961261695938319
138144125.579892,12.9387499791667,0.275875,0.322,-0.965925826289068
138144125.579892,13.0616664791667,0.275666666666667,0.322,-0.970295726275996
138196125.579892,13.1887499583333,0.274416666666667,0.321041666666667,-0.974370064785235
138663125.579892,13.3220831875,0.2715,0.321,-0.978147600733806
138695125.579892,13.4658331875,0.269583333333333,0.321,-0.981627183447664
137576125.579892,13.6095833125,0.269166666666667,0.32,-0.984807753012208
136803125.579892,13.7491664791667,0.268666666666667,0.32,-0.987688340595138
135369125.579892,13.8866666666667,0.268875,0.32,-0.99026806874157
133799125.579892,14.0262498125,0.27,0.319375,-0.992546151641322
131898125.579892,14.1679166666667,0.272125,0.319,-0.994521895368273
127525125.579892,14.6095833125,0.273541666666667,0.318,-0.998629534754574
126215125.579892,14.7491664791667,0.272333333333333,0.318,-0.999390827019096
124779125.579892,14.88875,0.271875,0.318,-0.999847695156391
124395125.579892,15.0220831458333,0.270291666666667,0.317875,-1
123705125.579892,15.13875,0.269208333333333,0.317,-0.999847695156391
123141125.579892,15.2470830625,0.268416666666667,0.317,-0.999390827019096
123103125.579892,15.3429166666667,0.267041666666667,0.317,-0.998629534754574
122665125.579892,15.42625,0.264958333333333,0.317,-0.997564050259824
122951125.579892,15.5012496875,0.263583333333333,0.316583333333333,-0.996194698091746
121620125.579893,15.5866666666667,0.262541666666667,0.316,-0.994521895368273
121289125.579893,15.6554166666667,0.263375,0.316,-0.992546151641322
117406125.579892,16.2720840416667,0.254958333333333,0.314,-0.970295726275996
117638125.579892,16.3658339166667,0.256083333333333,0.314,-0.965925826289068
117916125.579892,16.4658338333333,0.254375,0.314,-0.961261695938319
118102125.579892,16.55541775,0.252083333333333,0.313666666666667,-0.956304755963036
117730125.579892,16.6470833333333,0.251791666666667,0.313,-0.951056516295154
117175125.579892,16.7429172083333,0.252583333333333,0.313,-0.945518575599317
116667125.579892,16.8325011666667,0.2525,0.313,-0.939692620785908
116713125.579892,16.9262502916667,0.252291666666667,0.312416666666667,-0.933580426497202
116576125.579892,17.0179173333333,0.252041666666667,0.312,-0.927183854566787
116898125.579892,17.1075006666667,0.251625,0.312,-0.92050485345244
117175125.579892,17.1950005,0.252166666666667,0.312,-0.913545457642601
117453125.579892,17.28250075,0.252416666666667,0.312,-0.90630778703665
117861382.523892,17.3637505,0.251125,0.311291666666667,-0.898794046299167
118241125.579892,17.44083375,0.249916666666667,0.311,-0.891006524188368
117596281.829892,17.50750025,0.249041666666667,0.311,-0.882947592858927
116254125.579892,17.58458475,0.2475,0.311,-0.874619707139396
116373125.579892,17.6470833333333,0.248125,0.310625,-0.866025403784439
116217125.579892,17.7200006666667,0.248125,0.31,-0.857167300702112
115520125.579892,17.795001,0.248791666666667,0.31,-0.848048096156426
114653125.579892,17.8741669166667,0.24975,0.31,-0.838670567945424
114152125.579892,17.9512505416667,0.25075,0.309416666666667,-0.829037572555042
113609125.579892,18.0408341666667,0.2505,0.309,-0.819152044288992
113518125.579891,18.75750025,0.249416666666667,0.307,-0.731353701619171
113699125.579891,18.81375175,0.247833333333333,0.307,-0.719339800338651
113880125.579891,18.861667,0.247208333333333,0.307,-0.707106781186548
114061125.579891,18.9033333333333,0.247625,0.307,-0.694658370458998
113654125.579891,18.938750375,0.248583333333333,0.306625,-0.681998360062499
113473125.579891,18.9741675833333,0.249583333333333,0.306,-0.669130606358858
113654125.579891,19.02,0.249458333333333,0.306,-0.656059028990508
113790125.579892,19.06375175,0.24975,0.306,-0.642787609686539
113926125.579892,19.10958375,0.250375,0.306,-0.629320391049837
114061125.579892,19.1595833333333,0.248416666666667,0.305708333333333,-0.615661475325658
113383125.579892,19.20750075,0.248,0.305,-0.601815023152048
112661125.579892,19.2533336666667,0.248083333333333,0.305,-0.587785252292473
112751125.579892,19.2970844166667,0.250416666666667,0.305,-0.573576436351046
112886125.579892,19.34291775,0.25275,0.305,-0.559192903470747
112751125.579892,19.3866666666667,0.256875,0.304541666666667,-0.544639035015027
112796125.579892,19.436667,0.266125,0.304,-0.529919264233205
112886125.579892,19.4866673333333,0.266625,0.304,-0.515038074910054
110379125.579892,19.5408341666667,0.267125,0.304,-0.5
109403125.579891,19.595001,0.267125,0.304,-0.484809620246337
107990125.579891,19.6491666666667,0.265916666666667,0.303708333333333,-0.469471562785891
107056125.579891,19.705417375,0.266166666666667,0.303,-0.453990499739547
106108125.579891,19.7554169583333,0.265916666666667,0.303,-0.438371146789078
105500125.579891,19.7970844166667,0.26375,0.303,-0.4226182617407
104764125.579891,19.820002,0.264,0.303,-0.4067366430758
103513125.579891,19.845001,0.262958333333333,0.303,-0.390731128489274
101844125.579891,19.87,0.262041666666667,0.303,-0.374606593415912
100823125.579891,19.87,0.262083333333333,0.303,-0.358367949545301
100569125.579891,19.87,0.263083333333333,0.303,-0.342020143325669
100375125.579891,19.87,0.264208333333333,0.303,-0.325568154457157
100273125.579891,19.87,0.26525,0.303,-0.309016994374948
100527125.579891,19.87,0.270791666666667,0.303,-0.292371704722737
100316125.579891,19.87,0.27625,0.303,-0.275637355816999
100443125.579891,19.8325015,0.27875,0.303,-0.258819045102521
100696125.579891,19.820002,0.281208333333333,0.303,-0.241921895599668
100823125.579891,19.7866673333333,0.283208333333333,0.303,-0.224951054343865
101588125.579891,19.77,0.283791666666667,0.303,-0.20791169081776
102143125.579891,19.7366673333333,0.288166666666667,0.303,-0.190808995376545
102228125.579891,19.69916725,0.29425,0.303,-0.17364817766693
102271125.579891,19.6491666666667,0.296666666666667,0.303,-0.156434465040231
102399125.579891,19.595001,0.297333333333333,0.303,-0.139173100960065
102271125.579891,19.5366673333333,0.297875,0.303,-0.121869343405147
102314125.579891,19.4804174583333,0.29825,0.303,-0.104528463267653
102527125.57989,19.4179167083333,0.298375,0.303,-0.0871557427476582
102570125.57989,19.3575005,0.30025,0.303,-0.0697564737441256
102271125.579891,19.3054180833333,0.302708333333333,0.303,-0.0523359562429443
100612125.57989,19.2595835416667,0.303,0.303,-0.0348994967025016
98016125.57989,19.217917625,0.304166666666667,0.303,-0.0174524064372835
97155125.57989,19.17,0.305,0.303,-1.83697019872103e-16
97277125.57989,19.1283333333333,0.305,0.303,0.0174524064372831
97440125.579891,19.09291775,0.304416666666667,0.303,0.0348994967025013
97686125.579891,19.06375175,0.305166666666667,0.303,0.0523359562429439
97934125.579891,19.02,0.306583333333333,0.303,0.0697564737441252
98140125.579891,18.988750625,0.307208333333333,0.303,0.0871557427476579
98387125.579891,18.963750875,0.310833333333333,0.303,0.104528463267653
98148125.579891,18.92,0.315458333333333,0.303,0.121869343405148
97892125.579891,18.8929166666667,0.317166666666667,0.303,0.139173100960065
98099125.579891,18.87,0.316291666666667,0.303,0.156434465040231
98222125.579891,18.8408345,0.316,0.303,0.17364817766693
98387125.579891,18.820002,0.316791666666667,0.303208333333333,0.190808995376544
97440125.579891,18.7825005,0.316666666666667,0.3035,0.207911690817759
97563125.57989,18.7491670833333,0.318416666666667,0.304,0.224951054343865
97175625.579891,18.717917625,0.317333333333333,0.304,0.241921895599667
96788125.579891,18.67,0.317125,0.304,0.258819045102521
95933125.579891,18.6408333333333,0.317,0.304,0.275637355816999
96062125.57989,18.62,0.316916666666667,0.304,0.292371704722737
95781125.57989,18.578335,0.316,0.304,0.309016994374947
95142125.57989,18.570002,0.3155,0.303541666666667,0.325568154457156
94018125.579891,18.5366673333333,0.3155,0.303125,0.342020143325668
93231125.579891,18.52,0.315041666666667,0.303,0.3583679495453
93483125.579891,18.4908339166667,0.315458333333333,0.303,0.374606593415912
94191125.579891,18.470001,0.322125,0.30375,0.390731128489273
94389125.579891,18.426250125,0.326208333333333,0.304,0.406736643075801
94627125.579891,18.40125,0.327375,0.304,0.4226182617407
94271125.579891,18.36791675,0.328333333333333,0.304,0.438371146789077
93444125.579891,18.320002,0.328416666666667,0.304,0.453990499739547
91881125.579891,18.27,0.329625,0.304,0.46947156278589
90091125.579891,18.2220842916667,0.330416666666667,0.304,0.484809620246337
88204125.579891,18.172083375,0.329791666666667,0.304,0.5
87602125.579891,18.1220833333333,0.329333333333333,0.304,0.515038074910054
87085125.579892,18.0679185833333,0.326458333333333,0.304,0.529919264233205
86816125.579892,18.0116668333333,0.325,0.304,0.544639035015027
86831125.579891,17.955417375,0.325,0.304,0.559192903470746
86517125.579891,17.895,0.324041666666667,0.304,0.573576436351046
85960125.579892,17.8304180833333,0.324,0.304,0.587785252292473
85960125.579892,17.751250375,0.323541666666667,0.304,0.601815023152048
86220125.579892,17.686667,0.323416666666667,0.304,0.615661475325659
82485125.579892,15.6929166041667,0.324083333333333,0.304,0.819152044288992
81909125.579892,15.559583125,0.324,0.304,0.829037572555041
82053125.579892,15.4241666666667,0.324,0.304,0.838670567945424
81801125.579892,15.3012497916667,0.323791666666667,0.304,0.848048096156425
81490125.579892,15.1783333333333,0.323416666666667,0.304,0.857167300702112
81622125.579892,15.0658331875,0.323,0.304,0.866025403784438
80269125.579892,14.9574999166667,0.322541666666667,0.304,0.874619707139396
79106125.579892,14.842916625,0.321416666666667,0.304,0.882947592858927
76986125.579892,14.7241665,0.321583333333333,0.304,0.891006524188368
75890125.579892,14.599166625,0.322,0.304,0.898794046299167
74259125.579892,14.4679165208333,0.320458333333333,0.304,0.90630778703665
74367125.579892,14.3304165416667,0.319583333333333,0.304,0.913545457642601
73731125.579892,14.1824999583333,0.318791666666667,0.304,0.92050485345244
73831125.579892,14.0241665208333,0.318583333333333,0.304,0.927183854566787
73998125.579891,13.8574999375,0.318416666666667,0.304,0.933580426497202
73263125.579891,13.6887499166667,0.318,0.304,0.939692620785908
71483125.579892,11.6533333333333,0.311,0.304,0.994521895368273
71679125.579892,11.5241664583333,0.310416666666667,0.304,0.996194698091746
71843125.579892,11.4054166666667,0.3095,0.304,0.997564050259824
71156125.579892,11.2866664583333,0.31,0.304,0.998629534754574
70474125.579892,11.1720833333333,0.31,0.304,0.999390827019096
70668125.579892,11.0637498333333,0.31,0.304,0.999847695156391
70409125.579892,10.9574999166667,0.309416666666667,0.304,1
70571125.579892,10.8533333333333,0.308541666666667,0.304,0.999847695156391
70765125.579891,10.7533330833333,0.307583333333333,0.304,0.999390827019096
70928125.579892,10.6533333333333,0.3075,0.304,0.998629534754574
71091125.579891,10.553333125,0.307,0.304,0.997564050259824
71287125.579891,10.4512499791667,0.307,0.304,0.996194698091745
79774125.579891,8.35958333333333,0.364291666666667,0.304333333333333,0.798635510047293
81265125.579891,8.30333316666667,0.370208333333333,0.305,0.788010753606722
82449125.579891,8.2429164375,0.372458333333333,0.305208333333333,0.777145961456971
82629125.579891,8.1825,0.374125,0.306,0.766044443118978
83209125.579891,8.10125,0.374416666666667,0.306166666666667,0.754709580222772
84778125.579891,7.86999995,0.381833333333333,0.308,0.719339800338651
85589125.579891,7.79499985,0.385083333333333,0.30875,0.707106781186548
85886125.579891,7.72,0.386333333333333,0.309416666666667,0.694658370458997
86375125.579891,7.64916666666667,0.38575,0.310166666666667,0.681998360062498
87451125.579891,7.59291650416667,0.384541666666667,0.311,0.669130606358858
90029125.579891,7.5512498125,0.387541666666667,0.311791666666667,0.656059028990507
91881125.579891,7.52,0.388666666666667,0.312708333333333,0.642787609686539
93247125.579891,7.48666666666667,0.389,0.313541666666667,0.629320391049838
94429125.579891,7.47,0.391458333333333,0.314416666666667,0.615661475325658
95542125.579891,7.45125,0.394083333333333,0.315458333333333,0.601815023152048
96505125.579891,7.42,0.394,0.3165,0.587785252292473
97277125.579891,7.38875,0.394,0.317541666666667,0.573576436351046
97563125.579891,7.3512498875,0.392666666666667,0.3185,0.559192903470747
98169125.579891,7.31583305833333,0.391291666666667,0.319375,0.544639035015027
97318125.579891,7.27,0.39025,0.320166666666667,0.529919264233205
96642125.579891,7.21583333333333,0.389458333333333,0.321,0.515038074910054
98929125.579891,7.1575,0.389041666666667,0.321916666666667,0.5
105587125.57989,7.1012498875,0.390125,0.322625,0.484809620246337
109890125.579891,7.05541645416667,0.3895,0.323333333333333,0.469471562785891
112751125.579891,7.02,0.388458333333333,0.324,0.453990499739547
115337125.579891,7.0075,0.388458333333333,0.324958333333333,0.438371146789077
117591125.579891,6.97,0.39,0.325666666666667,0.422618261740699
118809125.579891,6.97,0.39175,0.326208333333333,0.4067366430758
120345125.579891,6.97,0.391833333333333,0.327,0.390731128489274
121715125.579891,6.93666666666667,0.390416666666667,0.327958333333333,0.374606593415912
121914125.579891,6.92,0.38875,0.328541666666667,0.3583679495453
122617125.579891,6.92,0.388583333333333,0.329,0.342020143325669
124241125.579891,6.94083333333333,0.38625,0.329833333333333,0.325568154457157
125588125.579891,6.97,0.384291666666667,0.33,0.309016994374947
126700125.579891,6.97,0.382416666666667,0.330958333333333,0.292371704722737
126380125.579891,6.99291666666667,0.379958333333333,0.331,0.275637355816999
124938125.57989,7.02,0.376083333333333,0.331291666666667,0.258819045102521
124098125.57989,7.03041660416667,0.374166666666667,0.332,0.241921895599668
122903125.57989,7.0699997,0.372416666666667,0.332,0.224951054343865
121383125.57989,7.0699997,0.370625,0.332,0.207911690817759
121478125.57989,7.0699997,0.371375,0.332791666666667,0.190808995376545
121378125.579889,7.0699997,0.371541666666667,0.333,0.17364817766693
117610125.57989,7.0699997,0.369958333333333,0.333,0.156434465040231
117647125.57989,7.0699997,0.367416666666667,0.333,0.139173100960066
118427125.57989,7.06583305833333,0.366083333333333,0.333,0.121869343405147
119970125.579889,7.02,0.371458333333333,0.333916666666667,0.104528463267653
120158125.57989,7.02,0.377458333333333,0.334,0.0871557427476581
132895125.57989,7.3512498875,0.392875,0.33875,-0.207911690817759
131600125.57989,7.37,0.395958333333333,0.339416666666667,-0.224951054343865
130177125.57989,7.41583333333333,0.400166666666667,0.340375,-0.241921895599668
130364125.57989,7.4325,0.402958333333333,0.341458333333333,-0.258819045102521
129971125.57989,7.47,0.401666666666667,0.3425,-0.275637355816999
127594125.57989,7.51166666666667,0.400166666666667,0.343333333333333,-0.292371704722737
124770125.57989,7.55541645416667,0.397166666666667,0.344,-0.309016994374947
122946125.57989,7.607499925,0.3935,0.345,-0.325568154457156
121327125.57989,7.67416666666667,0.391041666666667,0.345041666666667,-0.342020143325669
122094125.57989,7.74083333333333,0.388666666666667,0.346,-0.3583679495453
123475125.57989,7.80958314583333,0.385458333333333,0.346,-0.374606593415912
123724125.57989,7.89083333333333,0.382291666666667,0.346,-0.390731128489274
123428125.57989,7.97000007083333,0.37925,0.346875,-0.4067366430758
124289125.57989,8.05541647916667,0.37575,0.347,-0.422618261740699
124673125.57989,8.14708333333333,0.373,0.347,-0.438371146789078
124289125.57989,8.24499975,0.370833333333333,0.347,-0.453990499739547
124069125.57989,8.34708333333333,0.36975,0.347,-0.469471562785891
126341125.57989,8.44916664583333,0.368541666666667,0.347,-0.484809620246337
126603125.57989,8.54499975,0.366541666666667,0.347,-0.5
126942125.57989,8.63458333333333,0.364291666666667,0.347,-0.515038074910054
125829125.57989,8.70541666666667,0.362666666666667,0.347,-0.529919264233205
126167125.57989,8.7720829375,0.3605,0.347,-0.544639035015027
125733125.57989,8.83458333333333,0.358833333333333,0.347,-0.559192903470747
125106125.57989,8.89291666666667,0.358083333333333,0.347,-0.573576436351046
125092125.57989,8.95333333333333,0.359291666666667,0.347,-0.587785252292473
122379125.57989,9.02833295833333,0.358583333333333,0.347,-0.601815023152048
120345125.57989,9.095,0.357083333333333,0.347,-0.615661475325658
120892125.57989,9.17416666666667,0.357416666666667,0.347,-0.629320391049837
123571125.57989,9.2470830625,0.362625,0.347,-0.642787609686539
126555125.57989,9.330416625,0.372375,0.347,-0.656059028990507
129151125.57989,9.40125,0.373916666666667,0.347,-0.669130606358858
138186125.57989,9.48458316666667,0.394625,0.347708333333333,-0.681998360062498
155303125.579888,12.4283333333333,0.374,0.361,-0.984807753012208
156599125.579888,12.5283330833333,0.371541666666667,0.361,-0.987688340595138
157847125.579888,12.6325,0.368916666666667,0.361,-0.99026806874157
158930125.579887,12.7387497708333,0.365833333333333,0.361,-0.992546151641322
160018125.579887,12.8533333333333,0.360666666666667,0.360541666666667,-0.994521895368273
161053125.579887,12.9637498958333,0.358291666666667,0.36,-0.996194698091746
160765125.579887,13.0720832083333,0.356041666666667,0.36,-0.997564050259824
160765125.579887,13.2949997708333,0.350416666666667,0.36,-0.999390827019096
161053125.579887,13.4095833333333,0.3455,0.359458333333333,-0.999847695156391
160938125.579887,13.5199997916667,0.342,0.359,-1
161168125.579887,13.6325,0.339416666666667,0.359,-0.999847695156391
161399125.579887,13.747083125,0.336666666666667,0.359,-0.999390827019096
160938125.579887,13.8616666666667,0.334541666666667,0.359,-0.998629534754574
159732125.579887,13.9720831875,0.334875,0.358458333333333,-0.997564050259824
159674125.579887,14.0845832708333,0.334958333333333,0.358,-0.996194698091746
159274125.579887,14.2033332708333,0.333125,0.358,-0.994521895368273
159388125.579887,14.3158331666667,0.331583333333333,0.358,-0.992546151641322
160420125.579887,14.42625,0.329333333333333,0.357583333333333,-0.99026806874157
161676125.579887,14.5345831041667,0.326541666666667,0.357,-0.987688340595138
161572125.579887,14.65125,0.323041666666667,0.357,-0.984807753012208
161053125.579887,14.7616664583333,0.321208333333333,0.357,-0.981627183447664
160392125.579887,14.8720833333333,0.3205,0.356666666666667,-0.978147600733806
160075125.579887,14.984583125,0.320166666666667,0.356,-0.974370064785235
159961125.579887,15.0887499583333,0.318916666666667,0.356,-0.970295726275996
158873125.579887,15.2012499583333,0.316916666666667,0.356,-0.965925826289068
159789125.579887,15.3095831458333,0.315708333333333,0.355125,-0.961261695938319
159789125.579887,15.4179166666667,0.315125,0.355,-0.956304755963036
159789125.579887,15.5241664166667,0.314041666666667,0.355,-0.951056516295154
158827125.579887,15.62625,0.313333333333333,0.354708333333333,-0.945518575599317
158018125.579887,15.7283331666667,0.312541666666667,0.354,-0.939692620785908
157353125.579887,15.8262499166667,0.310958333333333,0.354,-0.933580426497202
157790125.579887,15.9241661666667,0.31,0.354,-0.927183854566787
158189125.579887,16.02416725,0.311291666666667,0.354,-0.92050485345244
156148125.579887,16.11166725,0.314208333333333,0.353125,-0.913545457642601
154574125.579887,16.197083875,0.315,0.353,-0.90630778703665
153013125.579887,16.2866674583333,0.315041666666667,0.353,-0.898794046299167
151684125.579887,16.37208375,0.315458333333333,0.352791666666667,-0.891006524188368
151242125.579887,16.459583875,0.316083333333333,0.352,-0.882947592858927
151176125.579887,16.5512510833333,0.315375,0.352,-0.874619707139396
147578125.579887,17.038751,0.310666666666667,0.351,-0.829037572555042
146226125.579888,17.14916675,0.308458333333333,0.350458333333333,-0.819152044288992
146387125.579888,17.2595840416667,0.305291666666667,0.35,-0.809016994374948
146549125.579888,17.36791725,0.302875,0.35,-0.798635510047293
144936125.579888,17.480417125,0.301583333333333,0.349583333333333,-0.788010753606722
144936125.579888,17.5929175,0.302125,0.349,-0.777145961456971
145418125.579888,17.7033338333333,0.3015,0.349,-0.766044443118978
146884125.579888,17.807501,0.301666666666667,0.349,-0.754709580222772
148067125.579888,17.9033334166667,0.305041666666667,0.349,-0.743144825477394
148175125.579888,17.9950005,0.30625,0.348583333333333,-0.731353701619171
147849125.579888,18.0804179166667,0.307208333333333,0.348,-0.719339800338651
149923125.579889,18.15125,0.308583333333333,0.348,-0.707106781186548
151794125.579889,18.2345840416667,0.309791666666667,0.348,-0.694658370458998
152902125.579889,18.30125125,0.309541666666667,0.348,-0.681998360062499
151673125.579889,18.3658336666667,0.309833333333333,0.348,-0.669130606358858
153002125.579889,18.434583625,0.310541666666667,0.348,-0.656059028990508
154518125.579889,18.4908339166667,0.313666666666667,0.347416666666667,-0.642787609686539
155810125.579889,18.5366673333333,0.320916666666667,0.347,-0.629320391049837
153737125.579889,18.58041825,0.322583333333333,0.347,-0.615661475325658
153068125.579889,18.6220833333333,0.321708333333333,0.347,-0.601815023152048
152847125.579889,18.67,0.320583333333333,0.346666666666667,-0.587785252292473
150912125.57989,18.717917625,0.320125,0.346,-0.573576436351046
148883125.57989,18.8741666666667,0.321,0.346,-0.515038074910054
147187125.579889,18.92,0.321125,0.346,-0.5
146280125.579889,18.942917125,0.3215,0.345541666666667,-0.484809620246337
145558125.57989,18.970001,0.320541666666667,0.345,-0.469471562785891
149430125.57989,19.02,0.325208333333333,0.345,-0.453990499739547
147144125.57989,19.0991675,0.339166666666667,0.345,-0.4067366430758
147036125.57989,19.12,0.341333333333333,0.345,-0.390731128489274
148720125.57989,19.1241666666667,0.344916666666667,0.345,-0.374606593415912
151375125.57989,19.17,0.34875,0.345,-0.358367949545301
155416125.57989,19.17,0.352666666666667,0.345,-0.342020143325669
157109125.57989,19.17,0.354791666666667,0.345,-0.325568154457157
158018125.57989,19.188750375,0.356,0.345,-0.309016994374948
157722125.57989,19.220001,0.353916666666667,0.345,-0.292371704722737
156543125.57989,19.220001,0.3515,0.345,-0.275637355816999
155528125.57989,19.220001,0.351166666666667,0.345,-0.258819045102521
154462125.57989,19.2283341666667,0.350125,0.345,-0.241921895599668
153603125.57989,19.27,0.349,0.345,-0.224951054343865
151292125.579889,19.320002,0.350666666666667,0.345,-0.156434465040231
151076125.579889,19.320002,0.350416666666667,0.345,-0.139173100960065
149923125.579889,19.320002,0.349166666666667,0.345,-0.121869343405147
149376125.579889,19.320002,0.3475,0.345,-0.104528463267653
149758125.579889,19.33458475,0.346333333333333,0.345,-0.0871557427476582
149813125.579889,19.37,0.344958333333333,0.345,-0.0697564737441256
149441125.579889,19.37,0.344,0.345,-0.0523359562429443
148665125.579889,19.3825,0.343583333333333,0.345,-0.0348994967025016
148611125.579889,19.42,0.3425,0.344291666666667,-0.0174524064372835
148284125.579889,19.42,0.341458333333333,0.344,-1.83697019872103e-16
147849125.579889,19.3970833333333,0.34,0.344,0.0174524064372831
148393125.579889,19.37,0.339041666666667,0.344,0.0348994967025013
148665125.579889,19.37,0.338208333333333,0.344,0.0523359562429439
148252125.579889,19.3491675,0.338166666666667,0.344,0.0697564737441252
148012125.579889,19.320002,0.338083333333333,0.344,0.0871557427476579
147253125.579889,19.3095849166667,0.336458333333333,0.344,0.104528463267653
146711125.579889,19.27,0.335416666666667,0.344,0.121869343405148
146441125.57989,19.2283341666667,0.334208333333333,0.343583333333333,0.139173100960065
146927125.579889,19.1950005,0.3335,0.343,0.156434465040231
147523125.579889,19.1491666666667,0.3325,0.343,0.17364817766693
147280125.579889,19.10541725,0.333,0.343,0.190808995376544
146841125.579889,19.0595849166667,0.3325,0.343,0.207911690817759
150752125.579889,19.0158334166667,0.354291666666667,0.343291666666667,0.224951054343865
148829125.579889,18.970001,0.366416666666667,0.344,0.241921895599667
147740125.579889,18.92,0.368666666666667,0.344,0.258819045102521
147144125.579889,18.87625,0.369791666666667,0.344,0.275637355816999
147545125.579888,18.8408345,0.378583333333333,0.344916666666667,0.292371704722737
164403125.579888,18.8116683333333,0.423,0.346875,0.309016994374947
156713125.579888,18.77,0.423166666666667,0.350833333333333,0.325568154457156
148883125.579888,18.738750625,0.419416666666667,0.353958333333333,0.342020143325668
146247125.579888,18.709584125,0.415625,0.356208333333333,0.3583679495453
145741125.579888,18.67,0.412375,0.358041666666667,0.374606593415912
144507125.579888,18.6366666666667,0.409333333333333,0.359541666666667,0.390731128489273
142488125.579888,18.603334,0.40625,0.360708333333333,0.406736643075801
142488125.579888,18.570002,0.403125,0.361666666666667,0.4226182617407
141433125.579888,18.5220834166667,0.399958333333333,0.362375,0.438371146789077
140331125.579888,18.4845840416667,0.396208333333333,0.363,0.453990499739547
137989125.579888,18.44083375,0.392958333333333,0.363666666666667,0.46947156278589
138767125.579888,18.3929166666667,0.390416666666667,0.364,0.484809620246337
141118125.579887,18.345001,0.388708333333333,0.364,0.5
144241125.579887,18.28875075,0.393791666666667,0.364916666666667,0.515038074910054
147144125.579888,18.2241673333333,0.401,0.365291666666667,0.529919264233205
144401125.579887,18.1408334166667,0.401541666666667,0.366,0.544639035015027
144861125.579888,18.045001,0.407708333333333,0.367083333333333,0.559192903470746
149923125.579888,17.9408337916667,0.419666666666667,0.368875,0.573576436351046
150362125.579888,17.8387509166667,0.4175,0.370958333333333,0.587785252292473
151849125.579888,17.730417125,0.414875,0.372625,0.601815023152048
150966125.579888,17.6220838333333,0.411125,0.374041666666667,0.615661475325659
149977125.579888,17.51375075,0.407791666666667,0.375125,0.629320391049838
151391125.579888,17.4116668333333,0.407666666666667,0.376041666666667,0.642787609686539
151171125.579888,17.3116676666667,0.406791666666667,0.377,0.656059028990507
151145719.329888,17.2095837916667,0.4055,0.377875,0.669130606358858
151456427.663222,17.1054175,0.404166666666667,0.378541666666667,0.681998360062498
151891056.135445,17.0012505,0.403458333333333,0.379041666666667,0.694658370458997
151573125.579888,16.8991667083333,0.40225,0.38,0.707106781186547
150120125.579888,16.7991676666667,0.401458333333333,0.380208333333333,0.719339800338651
148284125.579889,16.71166725,0.399625,0.381,0.731353701619171
146527125.579889,16.6366666666667,0.397916666666667,0.381,0.743144825477394
146441125.579889,16.5554180833333,0.396583333333333,0.381875,0.754709580222772
146441125.579889,16.4929172083333,0.395833333333333,0.382,0.766044443118978
136546125.57989,14.6345833333333,0.387166666666667,0.388,0.933580426497202
137989125.579892,12.4762498541667,0.360875,0.386083333333333,0.999847695156391
140436125.579893,7.77,0.289625,0.369,0.4067366430758
138144125.579893,7.78666656666667,0.288541666666667,0.369,0.390731128489274
138611125.579893,7.8199997,0.287041666666667,0.369,0.374606593415912
139027125.579893,7.8199997,0.286,0.368125,0.3583679495453
138196125.579893,7.83041642916667,0.285458333333333,0.368,0.342020143325669
138093125.579893,7.87,0.285625,0.368,0.325568154457157
133245125.579894,8.0199995,0.287833333333333,0.366,0.207911690817759
132077125.579893,8.0199995,0.287416666666667,0.365458333333333,0.190808995376545
131600125.579894,8.0637499375,0.2855,0.365,0.17364817766693
128808125.579894,8.07,0.283166666666667,0.365,0.156434465040231
128500125.579894,8.07,0.281083333333333,0.364416666666667,0.139173100960066
128843125.579894,8.07,0.279916666666667,0.364,0.121869343405147
129136125.579893,8.09083333333333,0.279,0.364,0.104528463267653
129480125.579893,8.12,0.277416666666667,0.363208333333333,0.0871557427476581
128940125.579894,8.145,0.275083333333333,0.363,0.0697564737441255
127944125.579894,8.17,0.274,0.362833333333333,0.052335956242944
127039125.579894,8.17,0.273458333333333,0.362,0.0348994967025011
127185125.579894,8.20958333333333,0.273,0.362,0.0174524064372834
127477125.579894,8.22,0.272958333333333,0.362,6.12323399573677e-17
125058125.579894,8.22,0.272625,0.361,-0.0174524064372835
122731125.579894,8.224166625,0.271166666666667,0.361,-0.0348994967025007
121005125.579894,8.2699995,0.27,0.361,-0.0523359562429436
118659125.579894,8.2699995,0.27,0.360625,-0.0697564737441253
116419125.579894,8.29708310416667,0.27,0.36,-0.0871557427476582
116070125.579894,8.32,0.270583333333333,0.36,-0.104528463267653
115611125.579894,8.32,0.27125,0.36,-0.121869343405147
114243125.579894,8.32,0.272583333333333,0.3595,-0.139173100960065
112526125.579894,8.32625,0.274625,0.359,-0.156434465040231
110825125.579894,8.37,0.27625,0.359,-0.17364817766693
109004125.579894,8.37,0.278875,0.359,-0.190808995376545
107376125.579894,8.37,0.282,0.3585,-0.207911690817759
108034125.579894,8.37,0.284041666666667,0.358,-0.224951054343865
108607125.579894,8.38041666666667,0.285,0.358,-0.241921895599668
109164125.579894,8.42,0.285833333333333,0.358,-0.258819045102521
109713125.579894,8.42,0.286666666666667,0.357458333333333,-0.275637355816999
110334125.579893,8.44083333333333,0.287125,0.357,-0.292371704722737
110869125.579894,8.47,0.287166666666667,0.357,-0.309016994374947
110334125.579894,8.47,0.286916666666667,0.357,-0.325568154457156
110112125.579894,8.515832875,0.286375,0.356583333333333,-0.342020143325669
110691125.579894,8.53666633333333,0.286,0.356,-0.3583679495453
111271125.579894,8.57,0.286583333333333,0.356,-0.374606593415912
111718125.579894,8.61791666666667,0.288666666666667,0.356,-0.390731128489274
112274125.579893,8.6575,0.289208333333333,0.356,-0.4067366430758
112949125.579894,8.69916666666667,0.289166666666667,0.355416666666667,-0.422618261740699
114061125.579894,8.7470830625,0.288833333333333,0.355,-0.438371146789078
114607125.579894,8.7887496875,0.287416666666667,0.355,-0.453990499739547
115108125.579894,8.83666666666667,0.286416666666667,0.355,-0.469471562785891
115932125.579894,8.87833333333333,0.286583333333333,0.355,-0.484809620246337
116759125.579894,8.92,0.287,0.354041666666667,-0.5
117545125.579894,8.97,0.287041666666667,0.354,-0.515038074910054
118893125.579894,9.015832875,0.287125,0.354,-0.529919264233205
121810125.579894,9.06166658333333,0.28725,0.354,-0.544639035015027
125298125.579894,9.1075,0.287958333333333,0.353625,-0.559192903470747
127477125.579894,9.15125,0.288,0.353,-0.573576436351046
127326125.579894,9.18875,0.287916666666667,0.353,-0.587785252292473
127623125.579894,9.22,0.288583333333333,0.353,-0.601815023152048
128383125.579894,9.2679161875,0.2895,0.352458333333333,-0.615661475325658
126894125.579894,9.30333316666667,0.288333333333333,0.352,-0.629320391049837
125858125.579894,9.34708333333333,0.288041666666667,0.352,-0.642787609686539
126894125.579894,9.40125,0.287625,0.352,-0.656059028990507
126254125.579894,9.45333333333333,0.286583333333333,0.3515,-0.669130606358858
123533125.579894,9.51166625,0.2835,0.351,-0.681998360062498
121810125.579894,9.567916625,0.281791666666667,0.351,-0.694658370458997
119015125.579894,9.6325,0.2815,0.350625,-0.707106781186547
116474125.579894,9.68666666666667,0.281583333333333,0.35,-0.719339800338651
116300125.579894,9.740833125,0.282,0.35,-0.73135370161917
117305125.579894,9.79291639583333,0.282,0.35,-0.743144825477394
117221125.579894,9.84291666666667,0.283083333333333,0.35,-0.754709580222772
117730125.579894,9.8825,0.284666666666667,0.35,-0.766044443118978
117268125.579894,9.92,0.285541666666667,0.349208333333333,-0.777145961456971
116438125.579894,9.96791666666667,0.285416666666667,0.349,-0.788010753606722
114061125.579894,10.007499625,0.285583333333333,0.349,-0.798635510047293
111942125.579894,10.0533331666667,0.286833333333333,0.349,-0.809016994374947
113609125.579894,10.1075,0.286875,0.349,-0.819152044288992
115017125.579894,10.1616666666667,0.285416666666667,0.348208333333333,-0.829037572555042
115520125.579894,10.2241666041667,0.2845,0.348,-0.838670567945424
116024125.579894,10.2866663333333,0.283958333333333,0.348,-0.848048096156426
116667125.579894,10.3470833333333,0.284125,0.348,-0.857167300702112
117221125.579894,10.4033333333333,0.283958333333333,0.348,-0.866025403784439
118102125.579894,10.4616666666667,0.283333333333333,0.347458333333333,-0.874619707139396
118940125.579894,10.5304162708333,0.283083333333333,0.347,-0.882947592858927
119735125.579894,10.5970833333333,0.282583333333333,0.347,-0.891006524188368
120486125.579894,10.67,0.282791666666667,0.346583333333333,-0.898794046299167
119735125.579893,10.749166375,0.283666666666667,0.346,-0.90630778703665
120439125.579894,10.8408333333333,0.283583333333333,0.346,-0.913545457642601
121100125.579894,10.92625,0.283,0.346,-0.92050485345244
121289125.579894,11.0054163541667,0.283125,0.3455,-0.927183854566787
121905125.579894,11.0929166666667,0.281958333333333,0.345,-0.933580426497202
122474125.579894,11.1741666666667,0.279791666666667,0.345,-0.939692620785908
123046125.579894,11.2533330416667,0.2785,0.344625,-0.945518575599317
123858125.579894,11.3408333333333,0.278,0.344,-0.951056516295154
124818125.579893,11.4220833333333,0.278,0.344,-0.956304755963035
125540125.579893,11.49499975,0.276875,0.344,-0.961261695938319
126167125.579893,11.5595832083333,0.276625,0.344,-0.965925826289068
126700125.579893,11.6345833333333,0.276708333333333,0.343083333333333,-0.970295726275996
127233125.579893,11.70125,0.275083333333333,0.343,-0.974370064785235
126071125.579893,11.7804163541667,0.273583333333333,0.343,-0.978147600733806
126603125.579893,11.8616666666667,0.272666666666667,0.342333333333333,-0.981627183447664
126215125.579894,11.9470833333333,0.272666666666667,0.342,-0.984807753012208
125588125.579894,12.0429163958333,0.273083333333333,0.342,-0.987688340595138
125781125.579893,12.1366666666667,0.273125,0.341291666666667,-0.99026806874157
126312125.579894,12.2387497708333,0.272208333333333,0.341,-0.992546151641322
126312125.579894,12.3408333125,0.2715,0.341,-0.994521895368273
124031125.579894,12.4470833125,0.271083333333333,0.340416666666667,-0.996194698091746
122142125.579894,12.5533331041667,0.271125,0.34,-0.997564050259824
110780125.579894,14.4449999166667,0.260666666666667,0.335,-0.987688340595138
110024125.579894,14.5949999166667,0.262833333333333,0.335,-0.984807753012208
109846125.579894,14.7470831666667,0.263416666666667,0.334708333333333,-0.981627183447664
108960125.579894,14.8845833333333,0.261541666666667,0.334,-0.978147600733806
107420125.579894,15.0220831458333,0.25925,0.334,-0.974370064785235
106920125.579894,15.1575,0.258041666666667,0.333583333333333,-0.970295726275996
107332125.579894,15.2887498125,0.2605,0.333,-0.965925826289068
107551125.579894,15.4179166666667,0.265916666666667,0.333,-0.961261695938319
107858125.579894,15.5345831041667,0.268,0.333,-0.956304755963036
107551125.579894,15.65125,0.267416666666667,0.333,-0.951056516295154
107551125.579894,15.7554164375,0.267833333333333,0.3325,-0.945518575599317
107770125.579894,15.857499875,0.268916666666667,0.332,-0.939692620785908
108167125.579894,15.9533329166667,0.269166666666667,0.332,-0.933580426497202
108431125.579894,16.0470844166667,0.268916666666667,0.332,-0.927183854566787
108739125.579894,16.145,0.267916666666667,0.331541666666667,-0.92050485345244
108960125.579894,16.2408338333333,0.267083333333333,0.331,-0.913545457642601
109181125.579894,16.3450009166667,0.26675,0.331,-0.90630778703665
109447125.579894,16.4512504583333,0.26675,0.330625,-0.898794046299167
109624125.579894,16.5554175833333,0.26625,0.33,-0.891006524188368
110112125.579894,16.6637502083333,0.267125,0.33,-0.882947592858927
110825125.579894,16.77000075,0.277666666666667,0.33,-0.874619707139396
111315125.579894,16.86166725,0.281958333333333,0.33,-0.866025403784439
111629125.579894,16.94916725,0.284041666666667,0.329458333333333,-0.857167300702112
111826125.579894,17.03875075,0.284791666666667,0.329,-0.848048096156426
112122125.579894,17.1116671666667,0.284666666666667,0.329,-0.838670567945424
112283125.579894,17.19083375,0.283833333333333,0.329,-0.829037572555042
112481125.579894,17.2595836666667,0.282541666666667,0.328583333333333,-0.819152044288992
112661125.579894,17.33875125,0.281625,0.328,-0.809016994374948
112841125.579894,17.4075000416667,0.281166666666667,0.328,-0.798635510047293
112436125.579894,17.4908339166667,0.281125,0.328,-0.788010753606722
112616125.579894,17.5679179166667,0.28175,0.327416666666667,-0.777145961456971
112796125.579894,17.6491666666667,0.282083333333333,0.327,-0.766044443118978
112913125.579893,17.738750625,0.282208333333333,0.327,-0.754709580222772
112796125.579893,17.8241678333333,0.281625,0.327,-0.743144825477394
112886125.579893,17.9116668333333,0.28075,0.326458333333333,-0.731353701619171
113111125.579893,18.0012505,0.281166666666667,0.326,-0.719339800338651
113337125.579894,18.09291775,0.281291666666667,0.326,-0.707106781186548
113473125.579894,18.1679167916667,0.2765,0.326,-0.694658370458998
113699125.579894,18.2408339166667,0.276,0.326,-0.681998360062499
113292125.579894,18.3033346666667,0.276583333333333,0.326,-0.669130606358858
113473125.579894,18.35958375,0.276166666666667,0.325333333333333,-0.656059028990508
113609125.579894,18.41375,0.275083333333333,0.325,-0.642787609686539
113745125.579894,18.4741675,0.275,0.325,-0.629320391049837
113835125.579894,18.5325005,0.272666666666667,0.325,-0.615661475325658
113699125.579894,18.58875125,0.270583333333333,0.3245,-0.601815023152048
113790125.579894,18.6408333333333,0.268166666666667,0.324,-0.587785252292473
113926125.579894,18.684583625,0.265458333333333,0.324,-0.573576436351046
114107125.579894,18.7304174583333,0.263791666666667,0.324,-0.559192903470747
114198125.579894,18.7741668333333,0.261833333333333,0.323416666666667,-0.544639035015027
113428125.579894,18.8241685,0.261541666666667,0.323,-0.529919264233205
112077125.579894,18.8741666666667,0.261708333333333,0.323,-0.515038074910054
110379125.579894,18.92,0.261083333333333,0.323,-0.5
108255125.579894,18.96583425,0.259416666666667,0.322625,-0.484809620246337
107104125.579894,19.00750025,0.258041666666667,0.322,-0.469471562785891
107025125.579894,19.05125125,0.257083333333333,0.322,-0.453990499739547
107350125.579894,19.09708425,0.255916666666667,0.322,-0.438371146789078
107858125.579894,19.145,0.255583333333333,0.322,-0.4226182617407
106894125.579894,19.186667,0.255416666666667,0.321541666666667,-0.4067366430758
102032125.579893,19.220001,0.296875,0.319,-0.0523359562429443
102271125.579893,19.220001,0.29625,0.319,-0.0348994967025016
101376125.579893,19.220001,0.296,0.319,-0.0174524064372835
99389125.579893,19.220001,0.295416666666667,0.319,-1.83697019872103e-16
98554125.579893,19.220001,0.294541666666667,0.319,0.0174524064372831
97645125.579893,19.1950005,0.294,0.318541666666667,0.0348994967025013
96296125.579893,19.17,0.293333333333333,0.318,0.0523359562429439
95023125.579893,19.17,0.292041666666667,0.318,0.0697564737441252
94350125.579893,19.17,0.292958333333333,0.318,0.0871557427476579
93617125.579893,19.17,0.295208333333333,0.318,0.104528463267653
92231125.579893,19.145,0.297333333333333,0.318,0.121869343405148
92426125.579893,19.12,0.298083333333333,0.318,0.139173100960065
92543125.579893,19.12,0.299666666666667,0.318,0.156434465040231
92700125.579893,19.08041825,0.300583333333333,0.318,0.17364817766693
91648125.579893,19.070002,0.301416666666667,0.318,0.190808995376544
91377125.579893,19.0283336666667,0.303083333333333,0.318,0.207911690817759
90644125.579893,19.013750125,0.304875,0.318,0.224951054343865
90644125.579893,18.970001,0.305,0.318,0.241921895599667
89456125.579893,18.938750375,0.305916666666667,0.318,0.258819045102521
89571125.579893,18.91375,0.306708333333333,0.318,0.275637355816999
89113125.579893,18.87,0.308,0.318,0.292371704722737
89265125.579893,18.861667,0.308083333333333,0.318,0.309016994374947
89418125.579893,18.820002,0.309,0.317958333333333,0.325568154457156
89609125.579893,18.795001,0.309,0.317375,0.342020143325668
89762125.579893,18.75750025,0.309,0.317,0.3583679495453
89876125.579893,18.71583425,0.309,0.317,0.374606593415912
90052125.579892,18.67,0.309791666666667,0.317,0.390731128489273
90220125.579892,18.62625,0.312291666666667,0.317,0.406736643075801
88359125.579892,18.5825015,0.336708333333333,0.317041666666667,0.4226182617407
97461125.579892,18.5345839166667,0.402583333333333,0.3185,0.438371146789077
97269125.579892,18.48250075,0.406541666666667,0.320666666666667,0.453990499739547
98954125.579892,18.4241667916667,0.404041666666667,0.322541666666667,0.46947156278589
101716125.579892,18.23250075,0.395958333333333,0.326625,0.515038074910054
102442125.579892,18.1575,0.39375,0.327666666666667,0.529919264233205
102613125.579892,18.09708425,0.391166666666667,0.328583333333333,0.544639035015027
102655125.579892,18.0345839166667,0.388791666666667,0.329333333333333,0.559192903470746
103213125.579892,17.9741675,0.387125,0.33,0.573576436351046
103814125.579893,17.9075,0.385666666666667,0.330916666666667,0.587785252292473
104357125.579892,17.8491675,0.383583333333333,0.331166666666667,0.601815023152048
104937125.579893,17.7929175833333,0.381,0.332,0.615661475325659
105500125.579893,17.7366673333333,0.378708333333333,0.332041666666667,0.629320391049838
105717125.579893,17.670000125,0.376708333333333,0.333,0.642787609686539
